name,avg_rental_duration
Family,5.173913043478261
Games,5.065573770491803
Animation,4.893939393939394
Classics,5.0701754385964914
Documentary,4.764705882352941
New,4.746031746031746
Sports,4.716216216216216
Children,5.033333333333333
Music,5.235294117647059
Travel,5.350877192982456
Foreign,5.10958904109589
Drama,5.080645161290323
Horror,4.857142857142857
Action,4.953125
Sci-Fi,4.885245901639344
Comedy,4.931034482758621
