name,avg_replacement_cost
Family,19.729130434782608
Games,20.285081967213113
Animation,20.126363636363635
Classics,21.00754385964912
Documentary,19.62235294117647
New,19.41857142857143
Sports,20.395405405405405
Children,20.05666666666667
Music,19.440980392156863
Travel,19.025087719298245
Foreign,18.647534246575344
Drama,21.086774193548386
Horror,19.865
Action,20.911875
Sci-Fi,21.153934426229508
Comedy,19.02448275862069
